model,risk_quintile,n,events,mean_predicted_risk,observed_km_risk,absolute_gap
Cox PH,1,848,3,0.006267399429789212,0.0036267030311262216,0.0026406963986629903
Cox PH,2,848,12,0.013473869822847989,0.01466650930352853,0.001192639480680541
Cox PH,3,848,29,0.02790318956766974,0.03498564880980415,0.007082459242134409
Cox PH,4,848,53,0.05221402077004787,0.06420403277610542,0.011990012006057552
Cox PH,5,848,94,0.13865862240211146,0.1178978590160572,0.02076076338605426
Survival XGBoost,1,849,2,0.007421413285150966,0.002400017297422008,0.005021395987728958
Survival XGBoost,2,847,17,0.01685944111597721,0.02076129364092527,0.0039018525249480615
Survival XGBoost,3,848,29,0.031897314033418334,0.035381307658983285,0.0034839936255649517
Survival XGBoost,4,848,45,0.054668887535918434,0.05463961874307721,2.926879284122219e-05
Survival XGBoost,5,848,98,0.1287153427190376,0.12125634496416526,0.007458997754872326
