feature,cox_coefficient,hazard_ratio
cont__age_years,0.38456677263759587,1.4689777821979795
cont__sbp_mmhg,0.5736239004428081,1.7746867002429256
cont__dbp_mmhg,-0.10090934165356742,0.9040149856747073
cont__bmi_kg_m2,0.14604949353459065,1.1572534631977207
cont__cigarettes_per_day,0.23071601292330862,1.2595015065049484
cont__heart_rate_bpm,-0.029309142143199445,0.9711162051126417
bin__sex_male,1.3896761631576386,4.0135501071270285
bin__current_smoker,0.15875538055375396,1.1720512050941012
bin__bp_medication,0.027757788101547973,1.028146624914147
bin__prior_stroke,1.1611380973300565,3.1935657973500597
cat__education_code_2.0,0.09839498312741816,1.1033985228476582
cat__education_code_3.0,0.16331596424181702,1.1774086499536922
cat__education_code_4.0,0.6471445000736982,1.910078804434601
