event_time_days,baseline_cumulative_hazard
26.0,0.00022366592028376432
27.0,0.00044778872982344773
46.0,0.0006721331601444111
108.0,0.0008972625017228044
168.0,0.0011227238666745817
169.0,0.001348275894846544
174.0,0.0015740137392846701
182.0,0.0017998413799400744
241.0,0.002025833466311139
254.0,0.0022518838812266356
266.0,0.0024783378674317577
267.0,0.002704841601914472
276.0,0.002931781497347515
305.0,0.0031589329340910733
308.0,0.003386299976793876
327.0,0.0036137968767545664
356.0,0.003841420329081214
361.0,0.004069091335632008
391.0,0.004296899111194462
406.0,0.004524770166459903
418.0,0.004752863998791876
430.0,0.004981185167453337
448.0,0.0052100783922594505
473.0,0.005439202765768254
490.0,0.005668553903053573
678.0,0.005899230286570325
700.0,0.006130003320067013
701.0,0.0063608848987409435
733.0,0.006591917460495704
735.0,0.006823230140389146
753.0,0.0070548434775880055
756.0,0.007286724207185787
762.0,0.007518778658182784
784.0,0.007751316859793681
869.0,0.007985062034411166
873.0,0.008219146687923668
938.0,0.008453769754667015
1007.0,0.008688889836419822
1012.0,0.008924079984598439
1034.0,0.009159510296873941
1078.0,0.009395348746860583
1088.0,0.00963126936557391
1097.0,0.009867435551763424
1099.0,0.010103663516561234
1100.0,0.010340184347593031
1112.0,0.010577603115278333
1140.0,0.010815124266685173
1142.0,0.011052797886888217
1169.0,0.011290849553252767
1178.0,0.01152898279561635
1187.0,0.011767338642351678
1221.0,0.012006253121908164
1235.0,0.012245222975771318
1237.0,0.012484555769460977
1240.0,0.01272402305823414
1325.0,0.012964154344972664
1336.0,0.013204362074394762
1381.0,0.013445131225495194
1384.0,0.013685978037261185
1388.0,0.013926934548753751
1426.0,0.014168041297116466
1440.0,0.014409398890676679
1443.0,0.014650832525058053
1510.0,0.014892677285896966
1517.0,0.015134616838694366
1552.0,0.01537671319944627
1562.0,0.015618893767252161
1591.0,0.015861364250946888
1596.0,0.016103902559291637
1610.0,0.01634681051691739
1620.0,0.01658979839083856
1622.0,0.016832906607647545
1626.0,0.01707620980227773
1644.0,0.017319872350259165
1664.0,0.017564204232196345
1673.0,0.017808605242018483
1710.0,0.018053471518358406
1718.0,0.0182983660495161
1729.0,0.018543361497533318
1735.0,0.018788436516998297
1739.0,0.01903354649730453
1740.0,0.019278812666981147
1778.0,0.019524593377754956
1781.0,0.01977081293407536
1792.0,0.02001728846676214
1798.0,0.020263845385574263
1802.0,0.020510624358061003
1807.0,0.020757536941300603
1815.0,0.02100483701120524
1848.0,0.021252682402800788
1851.0,0.02150064624770989
1856.0,0.02174890426693328
1870.0,0.02199734758008532
1883.0,0.022246081701926768
1884.0,0.022494934099734847
1897.0,0.022744065242476002
1904.0,0.022993313062274312
1908.0,0.023242757148113767
1920.0,0.023492391075905044
1927.0,0.02374212251769076
1935.0,0.02399203472245605
1936.0,0.024242671850986577
1957.0,0.0244935346404356
1969.0,0.024744983878598515
2008.0,0.024996895527731374
2071.0,0.0252495651634967
2078.0,0.025502399501654303
2112.0,0.025755789513645308
2114.0,0.02600936645066337
2117.0,0.026263025193151955
2149.0,0.026517328560590664
2154.0,0.026772078868576986
2158.0,0.027026982598834414
2188.0,0.02728201851774569
2194.0,0.027537462116074385
2207.0,0.027793013641412265
2208.0,0.028048588134355325
2231.0,0.028304336694153224
2275.0,0.028560498498082662
2312.0,0.02881715560268264
2313.0,0.029073999400846384
2387.0,0.02933117210066845
2396.0,0.029588890804759536
2399.0,0.029846761660948278
2415.0,0.03010515478018079
2434.0,0.030363774895022594
2453.0,0.030622564654394464
2457.0,0.030881928595434135
2465.0,0.03114135161007405
2484.0,0.03140100748346872
2493.0,0.03166089336215284
2513.0,0.03218096930429189
2543.0,0.03244130434154748
2563.0,0.03270189573150787
2578.0,0.03296278200759274
2582.0,0.033484640801017665
2603.0,0.0337466068878983
2612.0,0.034008621408901096
2640.0,0.034533568113143606
2669.0,0.03479625561431836
2717.0,0.03505943063520148
2738.0,0.035322718813430874
2747.0,0.035586222140976925
2773.0,0.03585030902085455
2779.0,0.03611450962641311
2782.0,0.03637873811928077
2794.0,0.03664387989951332
2817.0,0.03690976856103695
2871.0,0.037176270643358725
2896.0,0.03744318600518638
2911.0,0.03771029375088977
2937.0,0.03797757244557151
2948.0,0.0382452193488168
2964.0,0.0385132823678682
2975.0,0.03878151245355627
2988.0,0.0393184577549607
2993.0,0.03958715924721898
2995.0,0.03985608378523702
3046.0,0.04012550898237143
3087.0,0.04039577584386246
3109.0,0.04066628968816102
3125.0,0.040936829386771276
3147.0,0.04120760535563354
3161.0,0.04147852264754292
3184.0,0.04174994740784343
3242.0,0.042021648960726694
3253.0,0.04229363107957491
3288.0,0.04256608385641139
3307.0,0.0428385687060097
3349.0,0.04311148968172489
3391.0,0.04338452245610952
3398.0,0.04365781193516119
3405.0,0.04393118227350655
3414.0,0.04420458866278493
3459.0,0.04447860066973716
3462.0,0.04475266566793969
3536.0,0.04502841931858661
3580.0,0.045305481708915664
3584.0,0.045582692134494326
3600.0,0.04586069382871038
3607.0,0.046417086676039526
3624.0,0.0466954434824375
3625.0,0.04697382871161206
3630.0,0.047252457330016547
3632.0,0.04753122611442143
3640.0,0.04781036400559873
