event_time_days,baseline_cumulative_hazard,baseline_survival
26.0,0.0,1.0
27.0,5.641341784870909e-05,0.9999435881733582
46.0,0.00011291862654583047,0.9998870877485223
108.0,0.00016948052792300158,0.9998305338330904
168.0,0.00022643812530367342,0.9997735875098737
169.0,0.0002834535642815322,0.9997165866048846
174.0,0.0003404868219099523,0.9996595711371496
182.0,0.00039755557766294294,0.9996025234370844
241.0,0.0004546437420199892,0.9995454595927853
254.0,0.0005117753971184507,0.9994883555375728
266.0,0.0005689146897057377,0.9994312471115712
267.0,0.0006262252818149303,0.9993739707563134
276.0,0.0006835438143566068,0.9993166897484966
305.0,0.0007409414741102137,0.9992593329552409
308.0,0.0007983827882054893,0.9992019358345328
327.0,0.0008558773841977685,0.9991444887743809
356.0,0.0009134130710949813,0.9990870039636396
361.0,0.000970997872370733,0.9990294733935182
391.0,0.0010285944543721947,0.9989719343675736
406.0,0.001086216491847551,0.9989143732277457
418.0,0.0011438520125954174,0.9988568019367537
430.0,0.0012015298835993042,0.9987991916644152
448.0,0.0012592519040047828,0.9987415406209763
473.0,0.0013171688569419714,0.9986836982292154
490.0,0.0013751433861321134,0.9986258016902793
678.0,0.0014333712367488552,0.9985676555491553
700.0,0.0014920013138012749,0.998509111166816
701.0,0.0015506512808079146,0.9984505503577017
733.0,0.0016093171358425456,0.9983919771205966
735.0,0.0016680111101594417,0.9983333792472211
753.0,0.0017269387055652901,0.9982745515950717
756.0,0.0017859132138195021,0.9982156805802503
762.0,0.0018449469250902874,0.9981567539433231
784.0,0.0019040313267188003,0.9980977801910165
869.0,0.001963412456974792,0.9980385137763935
873.0,0.002023179100079233,0.9979788661472232
938.0,0.0020830284908337354,0.9979191395074177
1007.0,0.0021430036975547406,0.9978592908954693
1012.0,0.0022031303800447433,0.9977992947304193
1034.0,0.002263274409965725,0.9977392848644175
1078.0,0.0023234708992737607,0.9976792262699004
1088.0,0.0023837510540611175,0.9976190878243083
1097.0,0.0024440446947972243,0.9975589395507329
1099.0,0.00250437835724432,0.997498754981999
1100.0,0.0025647208888104063,0.9974385651979096
1112.0,0.0026253739114922895,0.9973780693686368
1140.0,0.002686351172668112,0.997317253839811
1142.0,0.0027477378815340004,0.9972560336949734
1169.0,0.002809155634934907,0.9971947863506748
1178.0,0.002870644084512437,0.9971334722744083
1187.0,0.0029321561967432025,0.9970721383747609
1221.0,0.0029937047326144134,0.9970107719330127
1235.0,0.003055393515990037,0.9969492694485059
1237.0,0.003117093570415054,0.9968877595219244
1240.0,0.0031788487098195367,0.9968261984802395
1325.0,0.0032406327212665662,0.996764612461517
1336.0,0.0033026310538423645,0.9967028166332129
1381.0,0.003364646554886187,0.9966410075252288
1384.0,0.003426846653076714,0.9965790182845884
1388.0,0.0034890666320613077,0.9965170130880153
1426.0,0.003551314437266397,0.9964549840217076
1440.0,0.0036136157834745016,0.9963929054685762
1443.0,0.003675967458807862,0.9963307806384436
1510.0,0.00373833310867888,0.9962686457593838
1517.0,0.003800837423388296,0.9962063766164795
1552.0,0.0038633701389423026,0.9961440830742099
1562.0,0.003925951113301583,0.9960817453574867
1591.0,0.0039885556191798345,0.9960193881039472
1596.0,0.004051223998486788,0.9959569711389419
1610.0,0.004113902885297932,0.9958945476210178
1620.0,0.004176648783894835,0.9958320612831209
1622.0,0.0042394180183288836,0.9957695556287457
1626.0,0.00430220827906651,0.9957070329616411
1644.0,0.004365043290948927,0.9956444696639969
1664.0,0.004428001754137315,0.9955817873915153
1673.0,0.004491177049050769,0.9955188932051866
1710.0,0.004554367532548362,0.9954559878725241
1718.0,0.004617696640260141,0.9953929485291796
1729.0,0.004681029032092976,0.99532990990915
1735.0,0.004744377365079569,0.9952668594156785
1739.0,0.004807749116946294,0.9952037896096656
1740.0,0.00487113258432618,0.995140712141786
1778.0,0.0049345652535761324,0.9950775897121688
1781.0,0.00499808569833436,0.9950143839485517
1792.0,0.005061755760293815,0.9949510333378652
1798.0,0.005125518388417563,0.9948875946676548
1802.0,0.005189299864077344,0.9948241412923478
1807.0,0.005253132630035685,0.99476064094249
1815.0,0.0053169911932153735,0.9946971189854837
1848.0,0.005380941760924213,0.9946335095739769
1851.0,0.00544504553017966,0.9945697518605622
1856.0,0.005509171738946859,0.9945059759178974
1870.0,0.005573376958246226,0.9944421254934063
1883.0,0.005637634154390393,0.9943782274836698
1884.0,0.005701963128052387,0.9943142622102962
1897.0,0.005766321801386669,0.994250271522703
1904.0,0.005830735233871097,0.9941862305125384
1908.0,0.005895184128078589,0.994122158374057
1920.0,0.005959662981896481,0.9940580605832283
1927.0,0.00602421643007719,0.9939938927788746
1935.0,0.006088798634863794,0.9939297005345952
1936.0,0.006153451028054797,0.9938654426780265
1957.0,0.006218240572547294,0.9938010526746306
1969.0,0.006283078589159494,0.993736618674377
2008.0,0.006348180221872831,0.993671926903807
2071.0,0.0064135038990513335,0.9936070187196764
2078.0,0.006479130654605586,0.9935418136543637
2112.0,0.006544785768918593,0.9934765846943443
2114.0,0.006610615387317927,0.9934111866624725
2117.0,0.00667649060383669,0.9933457476408876
2149.0,0.006742381416759133,0.9932802974383697
2154.0,0.006808475148318947,0.9932146500064929
2158.0,0.006874683782929349,0.9931488927975124
2188.0,0.006940930192442728,0.9930831024284643
2194.0,0.007007221126289026,0.993017272204215
2207.0,0.007073607232429682,0.9929513518423052
2208.0,0.007140023076105701,0.9928854063304811
2231.0,0.007206447169366403,0.9928194570079899
2275.0,0.007272928926021377,0.9927534548204419
2312.0,0.0073395186690727475,0.9926873498239538
2313.0,0.007406302518271415,0.9926210565553661
2387.0,0.007473125743318517,0.992554728631265
2396.0,0.007540024551761912,0.99248833012362
2399.0,0.007607085284768278,0.9924217753603323
2415.0,0.00767418367385339,0.9923551876919002
2434.0,0.007741367661509253,0.9922885195527609
2453.0,0.007808602968476759,0.9922218049723611
2457.0,0.007875880065565645,0.992155053415105
2465.0,0.007943410539726227,0.9920880549761507
2484.0,0.00801095356344938,0.9920210486120496
2493.0,0.008078577342577243,0.991953966667961
2513.0,0.008146286178157906,0.9918868048936768
2543.0,0.008281765855601786,0.9917524334917915
2563.0,0.008349558743144891,0.9916852020095311
2578.0,0.00841742983320155,0.9916178975379174
2582.0,0.008485412907380342,0.9915504865962596
2603.0,0.008621394111758576,0.9914156635337994
2612.0,0.008689754834526652,0.9913478919589599
2640.0,0.00875812564793651,0.9912801150142233
2669.0,0.008895079265429729,0.9911443649124689
2717.0,0.00896361000962065,0.9910764433789241
2738.0,0.009032305217228778,0.9910083635152976
2747.0,0.009101029803847043,0.9909402592154265
2773.0,0.009169786858153114,0.990872127424507
2779.0,0.009238683172311586,0.9908038623387585
2782.0,0.009307605915197092,0.9907355757721803
2794.0,0.009376534960032077,0.9906672876688022
2817.0,0.009445734396019251,0.9905987364231258
2871.0,0.00951518172274854,0.9905299443777592
2896.0,0.009584814327278677,0.9904609735992024
2911.0,0.009654669156965737,0.9903917875330985
2937.0,0.009724586780940713,0.9903225441132059
2948.0,0.009794545603750947,0.9902532647371973
2964.0,0.009864604324913224,0.9901838912899789
2975.0,0.009934760527507308,0.9901144261850287
2988.0,0.010004955016319383,0.9900449280482387
2993.0,0.010145517530759115,0.9899057746238507
2995.0,0.010215877002125949,0.9898361278270298
3046.0,0.010286312460130433,0.9897664107213239
3087.0,0.010356887997401065,0.9896965598900238
3109.0,0.01042771963252568,0.9896264605470644
3125.0,0.010498634808959737,0.9895562835003492
3147.0,0.010569554475987952,0.9894861069866945
3161.0,0.010640539248346457,0.9894158710335093
3184.0,0.010711562018172213,0.9893456024732024
3242.0,0.010782724292220361,0.9892752008953087
3253.0,0.010853960295423853,0.9892047313939412
3288.0,0.010925270339711435,0.9891341936757898
3307.0,0.01099671853186567,0.9890635243504815
3349.0,0.011068171794135625,0.9889928550598802
3391.0,0.011139715598092004,0.988922101279971
3398.0,0.011211279512650316,0.9888513326754796
3405.0,0.011282888321825064,0.988780524744362
3414.0,0.011354512241159562,0.9887097069439725
3459.0,0.011426146024096046,0.9886388844641095
3462.0,0.011498087153289479,0.9885677632246984
3536.0,0.01157003432313584,0.9884966411304804
3580.0,0.011642332276808632,0.9884251774294851
3584.0,0.011715110778544683,0.988353243943631
3600.0,0.01178792710071123,0.9882812783155737
3607.0,0.011861050866901484,0.9882090141085955
3624.0,0.012007370984792404,0.9880644298272028
3625.0,0.012080562645938488,0.98799211439674
3630.0,0.01215376470228576,0.9879197939893448
3632.0,0.012227020994125669,0.9878474252993652
3640.0,0.01230033339709343,0.987775006485482
